/****** Script for Refilling of an Tables in Database  ******/

use TommyMarket

TRUNCATE TABLE Users;
TRUNCATE TABLE Admins;
TRUNCATE TABLE Categories;
TRUNCATE TABLE ContactUs;
TRUNCATE TABLE FeedBacks;
TRUNCATE TABLE Products;
TRUNCATE TABLE FeedQuestions;
TRUNCATE TABLE Latests;


insert into Latests values (1015),
(1020),
(1026),
(1029),
(1033),
(1035),
(1042),
(1068),
(1055),
(1047),
(1058),
(1063),
(1072),
(1073),
(1083),
(1075),
(1099),
(1043),
(1100);

insert into Users values
('nagagovind23@gmail.com','Nagarajan','G',8110952323,1047,'Nagarajan@123'),
('bala123@gmail.com','Bala','G',1234567890,1234,'Balamass@123'),
('guna364@gmail.com','Guna','K',7342768905,8905,'Gunasekar@364'),
('praveen678@gmail.com','Praveen','S',9874325643,5643,'Praveen@678'),
('billal420@gmail.com','Billal','M',9765684320,4320,'Billal@420'),
('sai271@gmail.com','Sai','B',9444560876,0876,'Saimaheep@123'),
('mahesh999@gmail.com','Mahesh','S',7989247165,7165,'Maheshwaran@123'),
('bhima123@gmail.com','Bhima','M',7658934274,4274,'Bhimavin@123'),
('priya389@gmail.com','Priya','L',9087436521,6521,'Priyajazz@123'),
('sowmya908@gmail.com','Sowmya','I',7689053421,3421,'Sowmya@123'),
('kamala@gmail.com','Kamala','S',9085672431,2431,'Kamalagold@123'),
('vamshi999@gmail.com','Vamshi','G',8754390217,0217,'Vamshibless@999'),
('bharat897@gmail.com','Bharat','P',9987056432,6432,'Bharatbuzz@897');

insert into Admins values
('nagagovind23@gmail.com','Nagarajan','G',8110952323,1047,12345678,'Nagarajan@123'),
('bala123@gmail.com','Bala','G',1234567890,1234,12345678,'Balamass@123'),
('guna364@gmail.com','Guna','K',7342768905,8905,12345678,'Gunasekar@364'),
('praveen678@gmail.com','Praveen','S',9874325643,5643,12345678,'Praveen@678'),
('billal420@gmail.com','Billal','M',9765684320,4320,12345678,'Billal@420'),
('sai271@gmail.com','Sai','B',9444560876,0876,12345678,'Saimaheep@123'),
('mahesh999@gmail.com','Mahesh','S',7989247165,7165,12345678,'Maheshwaran@123'),
('bhima123@gmail.com','Bhima','M',7658934274,4274,12345678,'Bhimavin@123'),
('priya389@gmail.com','Priya','L',9087436521,6521,12345678,'Priyajazz@123'),
('sowmya908@gmail.com','Sowmya','I',7689053421,3421,12345678,'Sowmya@123'),
('kamala@gmail.com','Kamala','S',9085672431,2431,12345678,'Kamalagold@123'),
('vamshi999@gmail.com','Vamshi','G',8754390217,0217,12345678,'Vamshibless@999'),
('bharat897@gmail.com','Bharat','P',9987056432,6432,12345678,'Bharatbuzz@897');

insert into Categories values
(3000,'Fruits & Vegetables'),(3001,'Foodgrains, Oil & Masala'),
(3002,'Bakery, Cakes & Diary'),(3003,'Beverages'),(3004,'Snacks & Branded Foods'),
(3005,'Beauty & Hygiene'),(3006,'Cleaning & Household'),(3007,'Kitchen, Garden & Pets'),
(3008,'Egg, Meat & Fish'),(3009,'Gourmet & World Food'),(3010,'Baby Care');

insert into ContactUs values
('nagagovind23@gmail.com','Nagarajan','As I am comfortable with Dark mode, I request you to Introduce an dark mode of an Web Page😀'),
('priya389@gmail.com','Priya','I want Customer Ratings for all of products.😅'),
('sai271@gmail.com','Sai','I want a replacement for my purchase,the delivered product has some issue when i Got it!'),
('praveen678@gmail.com','Praveen','After opening delivery box i found That The watch that I got were damaged😢, How I can avail Replacement of that one!'),
('billal420@gmail.com','Billal','I got my product that i ordered after one week,So i request you to delivery on time!'),
('bharat897@gmail.com','Bharat','I Having Problem in grab of warranty, Please help me on that!'),
('guna364@gmail.com','Guna','The Product that I had got were damaged, So can you help me to repalce of that one!'),
('mahesh999@gmail.com','Mahesh','Will i able to Exchange product After one Week?');

insert into FeedBacks values
('bala123@gmail.com','Bala',
'How would you rate your overall experience with our service?','Good',
'How satisfied are you with the comprehensiveness of our offer?','Very Good',
'How would you rate our prices?','Good',
'How satisfied are you with the timeliness of order delivery?','Poor',
'How satisfied are you with the customer support?','Fair',
'Would you recommend our product / service to other people?','Very Good',
'What should we change in order to live up to your expectations?','As I am comfortable with Dark mode, I request you to Introduce an dark mode of an Web Page.'),
('guna364@gmail.com','Guna',
'How would you rate your overall experience with our service?','Very Good',
'How satisfied are you with the comprehensiveness of our offer?','Good',
'How would you rate our prices?','Fair',
'How satisfied are you with the timeliness of order delivery?','Fair',
'How satisfied are you with the customer support?','Poor',
'Would you recommend our product / service to other people?','Very Good',
'What should we change in order to live up to your expectations?','I want Customer Ratings for all of products.'),
('praveen678@gmail.com','Praveen',
'How would you rate your overall experience with our service?','Fair',
'How satisfied are you with the comprehensiveness of our offer?','Good',
'How would you rate our prices?','Fair',
'How satisfied are you with the timeliness of order delivery?','Poor',
'How satisfied are you with the customer support?','Very Poor',
'Would you recommend our product / service to other people?','Good',
'What should we change in order to live up to your expectations?','I want a replacement for my purchase,the delivered product has some issue when i Got it!'),
('billal420@gmail.com','Billal',
'How would you rate your overall experience with our service?','Fair',
'How satisfied are you with the comprehensiveness of our offer?','Good',
'How would you rate our prices?','Fair',
'How satisfied are you with the timeliness of order delivery?','Poor',
'How satisfied are you with the customer support?','Very Good',
'Would you recommend our product / service to other people?','Good',
'What should we change in order to live up to your expectations?','After opening delivery box i found That The watch that I got were damaged, How I can avail Replacement of that one!'),
('sai271@gmail.com','Sai',
'How would you rate your overall experience with our service?','Very Good',
'How satisfied are you with the comprehensiveness of our offer?','Good',
'How would you rate our prices?','Very Good',
'How satisfied are you with the timeliness of order delivery?','Good',
'How satisfied are you with the customer support?','Very Good',
'Would you recommend our product / service to other people?','Good',
'What should we change in order to live up to your expectations?','I got my product that i ordered after one week,So i request you to delivery on time!'),
('mahesh999@gmail.com','Mahesh',
'How would you rate your overall experience with our service?','Very Poor',
'How satisfied are you with the comprehensiveness of our offer?','Fair',
'How would you rate our prices?','Fair',
'How satisfied are you with the timeliness of order delivery?','Good',
'How satisfied are you with the customer support?','Poor',
'Would you recommend our product / service to other people?','Fair',
'What should we change in order to live up to your expectations?','I Having Problem in grab of warranty, Please help me on that!'),
('bhima123@gmail.com','Bhima',
'How would you rate your overall experience with our service?','Good',
'How satisfied are you with the comprehensiveness of our offer?','Very Good',
'How would you rate our prices?','Fair',
'How satisfied are you with the timeliness of order delivery?','Good',
'How satisfied are you with the customer support?','Fair',
'Would you recommend our product / service to other people?','Good',
'What should we change in order to live up to your expectations?','The Product that I had got were damaged, So can you help me to repalce of that one!'),
('priya389@gmail.com','Priya',
'How would you rate your overall experience with our service?','Very Good',
'How satisfied are you with the comprehensiveness of our offer?','Good',
'How would you rate our prices?','Good',
'How satisfied are you with the timeliness of order delivery?','Poor',
'How satisfied are you with the customer support?','Very Good',
'Would you recommend our product / service to other people?','Good',
'What should we change in order to live up to your expectations?','Will i able to Exchange product After one Week?'),
('sowmya908@gmail.com','Sowmya',
'How would you rate your overall experience with our service?','Very Poor',
'How satisfied are you with the comprehensiveness of our offer?','Poor',
'How would you rate our prices?','Good',
'How satisfied are you with the timeliness of order delivery?','Poor',
'How satisfied are you with the customer support?','Good',
'Would you recommend our product / service to other people?','Fair',
'What should we change in order to live up to your expectations?','I want a replacement for my purchase,the delivered product has some issue when i Got it!'),
('kamala@gmail.com','Kamala',
'How would you rate your overall experience with our service?','Good',
'How satisfied are you with the comprehensiveness of our offer?','Good',
'How would you rate our prices?','Fair',
'How satisfied are you with the timeliness of order delivery?','Poor',
'How satisfied are you with the customer support?','Fair',
'Would you recommend our product / service to other people?','Good',
'What should we change in order to live up to your expectations?','After opening delivery box i found That The watch that I got were damaged😢, How I can avail Replacement of that one!'),
('vamshi999@gmail.com','Vamshi',
'How would you rate your overall experience with our service?','Good',
'How satisfied are you with the comprehensiveness of our offer?','Good',
'How would you rate our prices?','Fair',
'How satisfied are you with the timeliness of order delivery?','Fair',
'How satisfied are you with the customer support?','Poor',
'Would you recommend our product / service to other people?','Good',
'What should we change in order to live up to your expectations?','I want Customer Ratings for all of products.'),
('bharat897@gmail.com','Bharat',
'How would you rate your overall experience with our service?','Good',
'How satisfied are you with the comprehensiveness of our offer?','Fair',
'How would you rate our prices?','Fair',
'How satisfied are you with the timeliness of order delivery?','Poor',
'How satisfied are you with the customer support?','Fair',
'Would you recommend our product / service to other people?','Good',
'What should we change in order to live up to your expectations?','As I am comfortable with Dark mode, I request you to Introduce an dark mode of an Web Page.');


insert into Products values
(1000,'Apple',280,42,'Red Delicious / Washington, Regular, 2x4 pcs','Fresho is our brand of fresh fruits and vegetables which are individually handpicked everyday by our experienced and technically competent buyers. Our buying, storing and packaging processes are tailored to ensure that only the fresh, nutrient dense, healthy and delicious produce reaches your doorstep. We guarantee the quality of all Fresho products. If you are not satisfied with the freshness of the items, you can hand them back to our Customer Experience Executive (CEE) for a full refund. Royal gala apples are bright red, thin skinned, white fleshed fruits with a mild sweet flavour and are native to New Zealand. Product image shown is for representation purpose only, the actually product may vary based on season, produce & availability.',1,0,'express',3000),
(1001,'Mango',72,25,' 1 kg','Banganpalli are sourced from Andhra Pradesh and known for their unique sweet and rich taste,They are moderately juicy and aromatic with a maize-yellow colour.',1,1,'normal',3000),
(1002,'Potato',280,42,'1 kg','New Potatoes: If you are looking for soft, slightly sweet but creamy-textured potatoes. These are a special variant early harvest of potatoes (not to be confused with our regular Fresho Potato) and are easily distinguishable with their thin/ tender skin which makes them easy-to-peel off even it can be used without peeling. These freshly picked potatoes are a great choice for roasting or boiling. They give essential nutrients to your body along with high dietary fibre and carbohydrates. Combined with great taste and nutrients this vegetable is the most popular and loved amongst households. Fresho New potatoes are either Round or Oblong which is about 45mm-65 mm in diameter.',1,0,'express',3000),
(1003,'Sweet corn',30,10,'2 pcs','Wrapped in lime coloured husks with silk, sweet corn contains numerous yellow succulent kernels that have a starchy and doughy consistency. The skin pops out as you bite into it.',0,1,'normal',3000),
(1004,'Tomato',39.50,15,'Hybrid, 500 g','Tomato Hybrids are high-quality fruits compared to desi, local tomatoes. They contain numerous edible seeds and are red in colour due to lycopene, an anti-oxidant.',1,0,'express',3000),
(1005,'Grapes',60,20,'Bangalore Blue with Seed, 500 g','Exclusively grown in Chikkaballapur, Bangalore Urban and Kolar districts, these soft skinned Fresho black blue grapes have a foxy flavour and a brisky pungent taste.We have neatly packed the best quality grapes to make your day fresh and healthy.',0,0,'express',3000),
(1006,'Onion',30,20,'Organically Grown, 1 kg','t is organically grown and handpicked from farm Product image shown is for representation purpose only, the actually product may vary based on season, produce & availability.',1,1,'normal',3000),
(1007,'Carrot',10,0,' 250 g, 1 kg','A popular sweet-tasting root vegetable, Carrots are narrow and cone shaped.They have thick, fleshy, deeply colored root, which grows underground, and feathery green leaves that emerge above the ground.Fresho brings you the flavour and richness of the finest crispy and juicy carrots that are locally grown and the best of the region.',0,1,'normal',3000),
(1008,'Banana',70,20,'Robusta, 1 kg','Relish the soft, buttery texture of Robusta bananas that are light green and have a great fragrance and taste. The stalks of Robustas are thick and rigid. Fresh fruits are green, which revolve to a bright yellow on ripening and the flesh contains a white - ceramic colour.',1,0,'express',3000),
(1009,'Pomegranate',206,25,'4 pcs (approx. 800 - 880 g)','With ruby color and an intense floral, sweet-tart flavor, the pomegranate delivers both taste and beauty.You can remove the skin and the membranes to get at the delicious fruit with nutty seeds.',0,1,'express',3000),
(1010,'Fortune Sunflower Refined Oil',650,20,'Sun Lite, 3x910 g Multipack','Fortune Sun Lite Refined Sunflower Oil is a healthy,light and nutritious oil that is simple to digest. Rich in natural vitamins, it consists mostly of poly-unsaturated fatty acids (PUFA) and is low in soaked fats. It is strong and makes you feel light and active level after heavy food.',1,1,'normal',3001),
(1011,'Royal Cashew/Godambi',700,35,'Whole, 500 g','Cashews are a kidney-shaped seed sourced from the cashew tree. Cashews provide an excellent source of protein. Cashews are cholesterol-free and a great supply of antioxidants that will keep you away from heart diseases. The fat content in cashew nuts is low.',0,1,'express',3001),
(1012,'Wheat',240,15,'5 kg Pouch','Wheat atta is a staple and is one of the main sources of energy. It also provides a number of essential nutrients such as protein, B vitamins and vitamin E in significant amounts which are beneficial for health.',0,1,'express',3001),
(1013,'Ghee',410.50,20,'500 ml','Manufactured in a safe and hygeinic facility, Fresho Organic Cow Desi Ghee/Tuppa Fresho is an organic must-have in every pantry. The cows in the farms are continuously monitored in terms of health and behaviour.',1,0,'express',3001),
(1014,'Ragi Flour',360,10,'5 Kg','Ragi flour is fresh, untreated and healthy, making it a great ingredient for calorie conscious people as it is low on calories and high in nutrient content. It is a high-quality source of calcium and iron and is free from synthetic chemicals and pesticides.',0,0,'normal',3001),
(1015,'Sugar',90,10,'1 kg','sugar is a sucrose sugar product with a distinctive brown color due to the presence of Organic molasses. It is either an unrefined or partially refined soft sugar consisting of sugar crystals with some residual molasses content, or it is produced by the addition of molasses to refined white sugar',1,1,'express',3001),
(1016,'Salt',22,15,'1 kg Pouch','Salt has been a staple in kitchens for generations now. This salt was first manufactured by Tata in a vacuum sealed pack, around the year 1983. Salt is one of the most important ingredients we use in food and cooking. It is a good method for food fortification and it also adds taste and flavour to any dish.',1,0,'normal',3001),
(1017,'Coconut oil',322,15,'1 L Pet Ja','Parachute Coconut oil is India’s No.1 coconut oil that contains the goodness of 100% pure coconut oil. It is made from naturally sun-dried coconuts sourced from the finest farms of our country. The oil is extracted from the nuts through a meticulous hands free process.It goes through a 5 stage purification process and as many as 27 quality tests are performed on the oil so that each bottle that reaches you is 100% pure- every single time',1,0,'normal',3001),
(1018,'Head & shoulders Cool Menthol Anti-Dandruff Shampoo',370,15,'Cools & Energizes Scalp, Upto 100% Dandruff Free, 650 ml','Up to 100% dandruff Free Hair along with Menthol Freshness in just one wash. Head & Shoulders Cool Menthol Anti-Dandruff Shampoo is formulated with added moisturizers to clean and leave you with dandruff-free hair* and menthol Freshness. Go ahead, run your hands through your hair again.',1,1,'express',3001),
(1019,'Black Pepper',175,18,'200 g Pouch','Black Pepper is also known as a peppercorn, is usually dried and used as a spice and seasoning. It is a healthy food that may have some antimicrobial properties. It is utilized along with other spices too to improve the flavour and taste. It is a rich supply of manganese, potassium, iron, vitamin-C, K, and dietary fiber.',1,0,'normal',3001),
(1020,'Whole Wheat',210,20,' Combo 2 Items','Baked bread is one of lifes greatest simple pleasures and at Bigbasket we decided to give you just that. We start baking our breads once you order using the finest ingredients available. At Bigbasket were passionate about making bread extra special, so we hope youll enjoy eating it as much as we enjoyed baking it. We recommend you consume this bread within 2 days or refrigerate if you intend to use it longer. Rich in Fibre, No caramel, No Artificial Colours, Baked on Order',0,1,'normal',3002),
(1021,'Milky Mist Paneer',220,15,'500 g Pouch','Milky Mist Premium fresh paneer is made using the most hygienic and good for health. You will certainly like the Soft and enjoyable aroma.',0,0,'express',3002),
(1022,'Milky Mist Curd',80,10,'2x500 g Multi Pack','Milky Mist Curd Farm Fresh is a rich supply of calcium and proteins. Prepared from better quality pasteurized toned milk to provide you the right width and texture. The live and active bacterial culture included in Milky Mist Curd hells digestion and lets you live a strong active life.',0,1,'normal',3002),
(1023,'Amul Real Ice Cream',170,10,'Vanilla Magic, 1 L Tub','Amul Real milk vanilla ice cream now in a tub that enough for all your friends. The classics never go out of the fashion.',1,1,'express',3002),
(1024,'Britannia Winkin Cow Classic Lassi',25,5,'180 ml Tetra Pack','Britannia Winkin Cow Lassi is very thick, very creamy and loaded with taste. This delicious thick lassi is loaded with the goodness of yoghurt and is the perfect balance between health and taste.',0,1,'express',3002),
(1025,'Milky Mist Cheese',210,15,'200 g Pouch','Milky Mist cheese Mozzarella Pizza is soft fresh cheese prepared from Cows milk. It has a mild flavor with a flexible and rubbery texture.',1,1,'normal',3002),
(1026,'Britannia Treat Croissant',25,5,'Vanilla Creme Roll, 100% Veg, 45 g','Britannia Treat Croissant Veg Cocoa Creme Roll is a delightful snack treat that you can enjoy anywhere, anytime. Not just a bun, pastry, or a regular cream roll! Britannia Croissant is a combination of smooth and delicious cocoa cream filled inside with soft & puffy bread.',0,1,'normal',3002),
(1027,'Winkies Fruit Cake',90,15,'Sliced, 120 g','Wheat Flour, Sugar, Egg, Edible Hyd Vegetable Oils, Liquid Glucose, Water, Humectants (422, 420, 1520), SMP, Dextrose Emulsifiers (322,471,472b,477), Corn Flour Class II Preservative (202) Acidity Regulators [330, 450 (i)], Salt, Raising Agent [500 (ii)], Strawberry Puree and Anti-Oxidant (319).',1,0,'express',3002),
(1028,'Milky Mist Fruit Yoghurt',60,10,'Strawberry, 100 ml','Pasteurized Toned Milk Curd ( Active Culture), Strawberry Fruit Crush, Sugar, Thickening Agent,Acidifying Agent and Class II Preservative. Yoghurt enriched with Natural Fruit & flavour.',0,1,'express',3002),
(1029,'Baskin Robbins Red Velvet Cake',600,25,'500 g Cake','Baskin Robbins Red Velvet Cake is a traditional red cake. It has a acidic taste and mild chocolate flavouring. The acidity is balanced out by the sweetness of the cake. The cream cheese frosting is rich and creamy. It is a light and dense cake that is flavourful. It is perfect for any occasion or celebration.',1,1,'express',3002),
(1030,'Red Label Tea',550,30,'1 Kg','Every cup of Red Label is brewed with the best-chosen tea leaves that ensure your tea has strength, rich colour, and a refreshing taste. We believe our tea has the taste of togetherness that gives it that perfect taste, colour and irresistible aroma.',1,0,'express',3003),
(1031,'Frooti Drink',15,5,'Fresh N Juicy Mango, 200 ml','Frooti Drink - Fresh N Juicy Mango is completed of fresh juicy mangoes giving you a tang that will repeat you of the real fruit. It is the mainly trusted fruit beverage brand. It brings out the youngster in every one and tastes great too.',0,1,'normal',3003),
(1032,'Bru Instant Coffee',320,10,'200 g Pouch','BRU Instant Coffee was launched in 1968 and was Indias first coffee-chicory mix instant coffee. It is the perfect mix of 70% coffee and 30% chicory and is made from a fine blend of the choicest plantation and Robusta beans.',1,1,'express',3003),
(1033,'Bisleri Soda',40,10,'1 bottle','Bisleri soda gives a rocking kick to any drink its combined with. Others call it a Drink Mixture, We call it the Club Soda!',0,0,'normal',3003),
(1034,'Maaza Juice',11,1,'Mango Refresh, 150 ml Carton','Maaza mango juice is one of the most popular fruit-based drinks in India. It is a real pleasure to taste the blend of real Alphonso and totapuri mango Pulp in the juice. Not only does it serve as a great fruity drink, it is also considered as an instant energizer because of the high sugar content.',1,1,'express',3003),
(1035,'Thums Up Soft Drink',40,5,'Refreshing, Strong, 750 ml Pet Bottle','Live your life to the fullest with a passion to do something crazy each day. Taste the thunder and set yourself free to take audacious steps in life. From sky diving to going on a solo trip, bring out the Toofani, adventurous side of yours with Thums Up. Add some enthusiasm to your life and dare to do something big every day.',1,0,'normal',3003),
(1036,'Pomegranate Juice',100,10,'No GMOs, 3x600 ml Multipack','Paper Boat brings to you Swing Zesty Pomegranate Juice a juicy drink. It is a refreshing sweet drink that is loved by all. It is made with the finest quality lychees and with the right amount of sweetness. Now enjoy the delicious flavour of pomegranate anytime and anywhere with our slurpy mixed fruit drink.',1,1,'express',3003),
(1037,'Red Bull Energy Drink',450,20,'250 ml (Pack of 4)','Red Bull Energy Drink - Wiiings, when you need them Red Bull Energy Drink, is a functional beverage and its formula contains high-quality ingredients: Caffeine, Taurine, some B-group Vitamins, Sugars and Alpine water Vitalizes Body and Mind Red Bull cans are made of 100% recyclable aluminium',1,1,'express',3003),
(1038,'Tang Instant Drink Mix',420,15,'Orange, With 4 Popsicle Moulds, 500 g (Pack of 2)','Tang offers a refreshing orange flavour which keeps everyone refreshed throughout summer. It not just has the great taste of orange but also comes with the goodness of vitamins A, B#, C and Iron. Experience this summer with a tasty refreshing glass of Tang.',0,0,'express',3003),
(1039,'Aquafina Packaged Drinking Water',120,10,' 6x1 L Multi Pack','Perfect companion for happy bodies everywhere. Aquafina goes through a five step state-of-the-art purification process to give consumers pure water and perfect taste. It has become one of Indias leading brands of bottled water in a relatively short span of time.',1,1,'express',3003),
(1040,'Center Fruit Soft Chews Candy',75,7,' Assorted Flavour, 60 g Pouch','Ever since its launch, Indias largest Gums brand has been transforming moods and making the world a cheerful place. And now, with the introduction of Soft Chews, they have entered the candy segment too. Center Fruit Soft Chews is Crunchy on the outside with a Chewy interior. The exciting candy has been specially created, keeping the Indian consumers in mind and is available in a family pack. The pouch contains an assortment of 5 delicious fruity flavours. Combined with the goodness of fruit juice, they come in delightful colours and can be enjoyed by all. So, why wait? Grab your pack now.',1,0,'normal',3004),
(1041,'Mentos Rainbow Assorted Pine Flavour Chewy Candy Stick',25,0,'36.4 g','Mentos Rainbow - Who says no to Mentos Rainbow - Who says no to Mentos Discover the exciting taste of Mentos Rainbow, a mix of watermelon, cherry, orange, raspberry, grape, pineapple and strawberry. Round chewy candies that are crunchy outside and chewy inside. Now Bigger, Softer Better. Experience goodness of fruit with real fruit content in vibrant colours that make your dull moments fun.With its perfect balance of sweetness and rich flavours, Mentos has become popular worldwide.',0,0,'express',3004),
(1042,'Doublemint Chewy Mints ',180,20,' Lemon, 4x33.6 g Multipack','Opportunities to connect with someone new happen often, but it can feel nerve-wracking and never lasts long. Doublemint’s chewy mint has two layers: a thin, crispy outer shell and a chewy, freshening core. Theyre great for an instant fresh feeling thats oh-so-satisfying to chew. Doublemint Lemon gives you the confidence to let your guards down and start something fresh. This chewy mint is specially designed for those who demand long-lasting fresh breath along with a minty blast. The bold flavours of Doublemint mint come in a convenient re-sealable bottle so you can pop a rush of freshness whenever the moment strikes you. Now be fresh breath ready with Doublemint, even with the mask on! The next time you need a quick, fresh boost, pop the mint that’s fresh and delightfully chewy while working at home, studying, working out or even virtually meeting new people. Now with Wrigley’s Doublemint, you will never miss out on that ultimate moment of connection!',1,1,'normal',3004),
(1043,'Haldirams Namkeen',55,0,'Moong Dal, 200 g Pouch','Haldirams Moong Dal is split moong beans that are fried. It is a great fried snack that is toasted with salt. This namkeen is a very light snack and tastes great. It is a savoury snack that is popular all over India. It is crispy, crunchy and very flavourful. This dal contains fibre, potassium and magnesium. Its so tasty that you cant stop eating it all day long. It makes a good tea time snacks, when you want to munch something. This is healthy and nutritious snack which is high in protein.',1,0,'normal',3004),
(1044,'Nissin Food Cup Noodles Mazedaar Masala',150,12,' 3x70 g Multipack','Not in the mood for something bland and too lazy to step out? A balanced taste of roasted masala with curry leaf in Mazedar Masala is what you need.',0,0,'normal',3004),
(1045,'Britannia Biscuits Combo',180,16,'Marie Biscuit, 120 g (Pack of 5)','Indias chai time favourite Marie biscuit. Now in a great offer so you never run out of it. It is a healthier option when compared to any other tea time biscuits. Easy to digest with a tinge of sweetness that hits the right note. A great snacking choice for calorie-conscious dieters. Britannia Marie Gold Biscuits are crisp and light biscuits packed with the goodness of vitamins and minerals. Being low fat and zero cholesterol snacks, Marie Gold biscuits act as a perfect companion for your cup of tea. Britannia biscuits and cookies for a long has been a part of every home, sharing those moments of joy. Believing in delivering fresh and healthy products, Britannia India manufactures some of Indias favourite brands like 50-50, Tiger, NutriChoice, Bourbon, Good Day, Milk Bikis and Little Hearts.',1,1,'express',3004),
(1046,'Sunfeast Glucose Plus Biscuits',125,0,' With Vitamin A & Zinc, Light, Healthy, Supports Immunity, 1 kg Pouch',' Sunfeast Glucose Plus is filled with the goodness of milk and wheat. It has been a source of all-around nourishment for growing kids and it has also been an all-time favourite choice for years. Whatever be the occasion, it has always been around to fight the hunger pangs. They are perfect for those light hunger pangs, as they are a wholesome & nutritious choice.',1,0,'normal',3004),
(1047,'MTR Pickle',147,6,'Mango Avakai, 300 g Jar','MTR Mango Avakai Pickle is normally enriched with the finest delicious flavours made using pure home-based ingredients. It is filled in special stay fresh packs for long-term freshness. This pickle is always embodying their tradition of unmatched flavour, cleanliness and quality. It is a genuine Andhra style pickle ended from chunks of mango and perfumed spices that roll your tongue on over the spicy, sharp flavour.',0,1,'normal',3004),
(1048,'Quaker Oats Breakfast Cereal ',245,13,'Rich In Protein, Dietary Fibre, Nutritious, Easy To Cook, 1.5 Kg Pouch','Start your morning with a wholesome bowl of Quaker Oats- the perfect breakfast porridge for the whole family. Quaker oats are made from 100% whole grain oats, a natural carbohydrate, protein, and dietary fibre source. It helps reduce the risk of high blood pressure and cholesterol. It is easy to prepare in just 3 minutes and blends into almost any recipe, enhancing its nutritional value without compromising on taste. About the brand - For over 135 years, Quaker has unlocked the power of oats to help people get the perfect start to each day. Start your morning with a wholesome bowl of Quaker Oats- the perfect breakfast porridge for the whole family.',1,0,'express',3004),
(1049,'McCain French',300,15,'Fries, 1.25 kg','McCain French - Fries 1.25 kg',1,1,'normal',3004),
(1050,'Dettol Antiseptic Disinfectant Liquid',298,10,'1 L','Dettol Antiseptic Liquid protects you and your family from 100 illness causing germs. It comes in a fresh pine fragrance. The topical antiseptic liquid sanitizes your home and helps maintain your personal hygiene. The Dettol first aid antiseptic liquid can be used to protect against infection from cuts and scratches, disinfect toys, and sanitize baby wear leaving everything clean and fresh. It can also be used as a household disinfectant and cleaner on surfaces or in laundry cleaning to kill germs.This liquid antiseptic is recommended by the Indian Medical Association and can be kept in your emergency first aid kit. *Protects from 100 illness-causing germs and Coronavirus causing COVID19 virus. Proven to be >99.9% effective at inactivating SARS-CoV-2, the virus that causes COVID19, when used at 1:40 dilutions with 5 minutes contact time; As per standard testing protocol.',1,1,'normal',3005),
(1051,'Colgate Strong Teeth Anticavity Toothpaste ',110,8,'Colgate Strong Anticavity ,200 g','Your trusted Colgate Strong Teeth Toothpaste now comes with Amino Shakti, *a unique formula containing Arginine with an insoluble source of calcium and fluoride. This new, best ever Colgate STRONG Teeth formula, with Amino Shakti, provides 4X strengthening power by providing protection from a mineral loss against acid attack vs. an ordinary fluoride toothpaste. The toothpaste helps add natural calcium ~from saliva through fluoride action and strengthens teeth from within.This anticavity toothpaste also provides cleaner teeth and fresher breath with regular use, when used as directed as a part of your daily oral care hygiene and regular professional care routine, as directed by a dentist. Colgate, India’s No.1 Toothpaste (#Based on market share data), is always 100% vegetarian toothpaste.',1,1,'express',3005),
(1052,'Bamboooz Bamboo Toothbrush With Activated Charcoal Bristles',89,7,'Straight Grip, 7.2 cm, Eco, 1 pc','Bamboooz brings to you Charcoal Toothbrush, this is made with bamboo wood that has charcoal activated soft bristles. It is 100% natural and eco-friendly. It is highly durable and long-lasting. The handle gives you a good grip that gives an effective cleaning. The bristles are gentle on your teeth and gums. The activated charcoal helps with deep cleaning.',1,0,'express',3005),
(1053,'Bajaj Almond Drops Non-sticky Hair Oil',138,7,'Helps Reduce Hair Fall, With 6X Vitamin E Nourishment, 190 ml','Now style your hair any way you want without the fear of hair fall, as Bajaj Almond Drops hair oil has got your back! Bajaj Almond Oil can reduce hair fall by up to 79%*, strengthen hair, and make them up to 50% more shiny! The new and improved Bajaj Almond Drops Hair Oil is enriched with 6x Vitamin E^ & Almond Oil to help you get the shiny, strong hair you’ve always wanted.This oil for hair fall reduction works to strengthen and nourish your hair and, as a result, reducing hair fall due to breakage. It is light, non-sticky and the perfect hair growth solution. So don’t wait to flaunt beautiful hair, that is strong inside and shiny outside, with new hairstyles every day!',0,0,'normal',3005),
(1054,'TRESemme Keratin Smooth Pro Collection Shampoo',587,38,'Keratin & Argan Oil, Lower Sulphate Formula, Upto 100% Smoother Shiny Hair, 1 L','TRESemmé Keratin Smooth Shampoo helps your hair restore its keratin leaving them visibly straight and smoother. Infused with light-weight Argan Oil, this professional shampoo nourishes each strand of your hair making them silky smooth and easier to manage. This unique combination of Keratin and Argan Oil conditions and strengthens your hair and provides them hydration and elasticity. With its dual-action, TRESemmé Keratin Smooth Shampoo helps you get up to 100% smoother hair with more shine. Its lower sulfate formulation and patented micro-moisture technology smoothen and protect dry hair from damage. When used together with the TRESemmé Keratin Smooth Conditioner, this nourishing shampoo can control frizz for as long as upto 3 days. Recommended by professionals, the TRESemmé Keratin Smooth Shampoo is specially formulated for Indian hair and is suitable for both naturally and chemically treated hair. It is also suitable for use in conjunction with any oil treatments. Now, get visibly straighter, smoother hair that is easier to style hair. Buy now to enjoy gorgeous, salon-quality smooth hair every day without the salon price tag! Suitable for both men and women.',1,0,'express',3005),
(1055,'Mysore Sandal Pure Sandalwood Oil Soap',78,0,'150 g Carton','Mysore Sandal Soap is the only soap in the world completed with 100% pure sandalwood oil. The oil of Sandalwood recommended in earliest ayurvedic texts for skin care, due to its exclusive combination of antiseptic action with soothing and toning properties. It is subtle fragrant oil that penetrates deep into the skin to remove acne causing bacteria and germs while calming the nerves, dropping inflammation, and strengthening the skin with its toning actions. It is made completely with a base of pure vegetable oil.',1,0,'express',3005),
(1056,'Yardley London English Lavender Perfumed Talc',195,15,'250 g','It takes the worlds finest natural lavender oils and over 200 years expertise to create Yardley English Lavender. This is a fine, silky luxury talcum powder and will leave your skin feeling soft and subtly fragrant all day. This luxurious talcum powder will keep you fresh, smooth, and scented throughout the day.',1,1,'normal',3005),
(1057,'Whisper Sanitary Pads',149,10,'XL Wings, Ultra Clean, 15 pcs','P&G is one of the largest and amongst the fastest growing consumer goods companies in India. In 1989, P&G India, launched Whisper; the breakthrough technology sanitary napkin which revolutionized the Indian feminine hygiene category. The product was designed keeping in mind the personal hygiene of thousands of Indian women. Whisper Ultra Clean gives you our No. 1 Hygenic Protection. It has a germ-lock technology which locks upto 100% wetness, odour & germs. Its nearly 40% Longer for a longer lasting coverage so that you can be worry free during your periods. Its Dri-Weave Cover ensures that the period blood is absorbed in seconds and it has a delightful scent for all-day freshness.',1,1,'normal',3005),
(1058,'Fogg Fresh Woody',200,20,'120 ml','Soothing experience throughout the day, Consists of refreshing & Long lasting fragrance.',1,0,'express',3005),
(1059,'Nivea Body Milk Nourishing Lotion ',301,45,' Very Dry Skin, With Deep Moisture Serum & 2X Almond Oil, 48h Intensive Moisture Care, 600 ml','Say hello to deeply moisturised skin with the new Nivea nourishing lotion body milk with deep moisture serum. This rich and creamy formula with 2 times more almond oil deeply moisturises and softens your dry skin.The lotion gives you deep moisturisation for up to 48 hours after a single application.',1,0,'normal',3005),
(1060,'Surf Excel Quick Wash Detergent Powder',425,11,'2 kg','Surf Excel Quick Wash detergent powder, a one-stop solution for all your laundry woes. While learning new skills and having fun, children often come home with a variety of stains on their clothes and more so often on their very important uniforms. While youre happy that they have these new experiences, the stains leave you worried. To fight these difficult stains you end up putting in a lot extra effort and use additional stain removers such as bleach, lemon etc. Its time you switch to this detergent powder and say goodbye to long laundry drills and juggling with different stain removal products each day. It is one of the premium most detergent powders available in India and has X-Tra Clean particles that combine the power of different stain removing products such as lemon and bleach. The superior technology of Surf Excel Quick Wash removes a variety of common tough stains like oil, ketchup, chocolate, curry stains, tea etc. With X-tra cleaning particles, it makes for the perfect wash. It is available in different SKUs such as the 500 gm, 1 kg and 2 kg. So go on and order your pack of Surf Excel Quick Wash right away and let you kids get out there, clean, smart and prepared to take on the world and leave the stains to us.',1,0,'express',3006),
(1061,'Vim Dishwash Liquid Gel',152,24,'Lemon, 750 ml Bottle','Vim is the No.1 dishwashing brand in India. Vim’s Dishwash Liquid Gel is a concentrated gel containing the power of 100 lemons(power refers to the cleaning benefits of lemons). It cleans the utensils deeply and unlike dishwash bars, it does not leave any powdery white layer of residue behind on them. It provides great value for money as only one spoon of Vim Liquid Dishwash Gel is enough to clean one sink-full of dirty utensils(as per the independent lab test conducted). Vim Liquid Dishwash Gel also helps you to remove the stubborn malodours from your tiffin boxes. It provides a pleasant cleaning experience and gives a refreshing lemon fragrance during dishwash. Its pH neutral formula is soft on hands compared to other bars. It can safely be used to clean delicate utensils and all kinds of expensive crockery including the non-stick cookware. It does not leave any scratches on the surfaces and keeps the utensils looking new. It is extremely convenient to use. Just take a spoonful of Vim Dishwash Liquid Gel, mix it in a bowl of water and use the mixture to wash an entire sink-full load of dishes. Vim Dishwash Liquid Gel is available in different sizes and packaging format in the market which includes bottles and pouch packs.',1,0,'normal',3006),
(1062,'Harpic Disinfectant Bathroom Cleaner Liquid',176,13,'Floral, 1 L','Harpic bathroom cleaner gives you unbeatable cleaning on greasy soil and particulate matter and Harpic freshness for the whole bathroom. Its thick liquid formula with powerful cleaning agents removes tough stains and kills 99.9 percent of germs. It also gives your bathroom a pleasant fresh fragrance. Used for regular cleaning of bathroom floor and tiles. Use 1.5 capfuls in half bucket of water. For tough stains and sink. Use undiluted to clean for best results. Then scrub gently and rinse. For disinfection of bathroom floor, tiles and sink. Use undiluted for best results or dilute using 1.5 capfuls in half bucket of water. Apply on surface, leave for 5 minutes then scrub gently and rinse. Suitable for most bathroom surfaces. Do not use on aluminium, brass and copper. Always spot check on a small, hidden area before using. Always use Harpic bathroom cleaner separately. Do not mix with other products.',0,0,'express',3006),
(1063,'Surf Excel Detergent Bar',108,9,'200 g Pack of 4','Surf excel detergent bar is Indias most premium detergent bar and is developed with a unique patented technology. Surf excel bar combines the power of 4 products - vinegar, blue, bleach and lemon into just 1 product, thereby helping you fight and remove tough stains easily that help you save time, money andÃƒ€šÃ‚  effort you put behind laundry. With just one product, Surf Excel Bar, you can easily remove tough stains like tea, coffee, turmeric, curry, ketchup and chocolate. Besides the 95g pack, Surf Excel Bar is also available across other convenient pack sizes such as 150g, 250g, 400g & 800g (4packs of 200g each). All you need to do is apply the bar on the tough stains, scrub a little and then wash the garment as usual and voila, you have spotless clean clothes. Unlike most popular based brands, the effort required when using Surf Excel Bar is far lesser and makes your laundry process a less tedious chore. It is gentle on both your clothes and your hands. Surf Excel Bar removes tough stain easily and works like your own personal stain eraser! So what are you waiting for? Try Surf Excel Bar and make your laundry experience a happy effortless one!',1,1,'normal',3006),
(1064,'BB Home Oxo-Biodegradable Garbage bag-Medium Green',64,2,'30 pcs (19x21 Inches)','BB Home Oxo Biodegradable Green Garbage Bags are here to help you dispose of garbage in a hygienic and aesthetic manner. These sturdy medium bags are an eco-friendly substitute for plastic bags. These bags are designed to hold up to 5 kg of garbage. You can use green garbage bags for wet waste at home or office. These bags help make your kitchen look clean and organised while keeping the waste products & unwanted odours away.It is a supersaver economy pack with decent quality made from recycled raw material and 100 % recyclable with no frills attached. Designed by Bigbasket to provide consumers with an economic and effective way of garbage disposal for maintaining cleanliness all-around.',1,0,'normal',3006),
(1065,'Godrej Aer Power Pocket',425,11,' Long Lasting Bathroom Fragrance, Berry Rush, 10 g','Say hello to Godrej aer Power Pocket, a range of bathroom air fresheners available in 5 delightful fragrances. Its unique power gel technology keeps your bathroom fragrant for 3-4 weeks and ensures that its fragrance reaches every corner of your bathroom. A must-have stock item in your pantry & toilet, Godrej aer Power Pocket is so easy to use, that you simply have to unwrap the packet and hang it with the hook provided. Thats it, you are done. Godrej aer Power Pocket works 24x7 without any effort, so you can walk in to a refreshing fragrance every time you step into your bathroom.',1,1,'normal',3006),
(1066,'HIT Mosquito & Fly Killer Spray',343.20,12,'700 ml','HIT Anti-Mosquito Spray, kills dangerous mosquitoes that spread diseases like Dengue, Chikungunya and Malaria etc. hidden in the corners of your home. To keep you and your family protected, spray HIT regularly in all corners like under the bed, under the sofa, behind the curtains & cupboards etc.',0,1,'normal',3006),
(1067,'Scotch brite No-Dust Premium Broom',290,11,'Long handle, Easy floor cleaning, 1 pc','Scotch brite No-Dust Broom is made up of unique flat fibres which remove even fine dust by maintaining a complete contact with the floor. The ergonomic handle makes daily cleaning easier than ever. This grass broom is made of special washable grass-like fibre that is very durable. It allows you to clean with absolute perfection, leaving no crumb, dust or dirt in your house behind.',1,0,'express',3006),
(1068,'DP Decorative Wax Floating Candles',235,26,'Red, BB-1256, 12 pcs','Uplift the mood of your place with these candles. These are red in colour and come in a small size. They are made up of wax and come with a wick to light. They are great for decorating your house during special occasions. Features floating candles that is the highlight of the candles. 12 candles come as a set in a box.',1,1,'normal',3006),
(1069,'BB Home Spin Mop Bucket With 360 Degree Rotation & 2 Refills',649,14,'Used For Deep Cleaning, Blue, 1 pc','Mopping your house just became easier with this magic mop. The BB Home spin mopping system helps you to thoroughly clean your floors with minimal effort. The mop head features 100% polyester fibres which absorb high volumes of liquid at a fast pace, leaving behind spotless surfaces. Simply adjust its height to a comfortable position and rotate the 360-degree mop handle to suit your requirement for an efficient cleaning experience. Made of high-grade plastic, it is light, durable and easy to use.Bucket Material is made of plastic (PP-Polypropylene), Mop Stick Material is made of Stainless steel with plastic joints for better grip and Mop Head Material is made of plastic with microfiber thick threads for superior cleaning and better absorption of water. Benefits: This mop has extra-absorbent microfibers with a 360-degree spinner.  Now cleaning your house is an easy job with this advanced mop. It comes in various colour.',1,0,'normal',3006),
(1070,'Prestige 4 Burner Gas Stove',6999,15,'Marvel Plus Glass Tables, GTM04 40355, 1 pc','Prestige Marvel Plus Gas Stove . A Smart and Compact Glass top Gas table for a modern kitchen!The specialty of this Glass Top Gas Stove from Prestige is that it is compact in size and thoughtfully designed to consume less countertop space. These gas tables come with shatter proof toughened glass top for longer life and convenient cleaning. It has highly efficient tri pin burners, which helps you to cook faster and more efficiently.These gas tables are a combination of performance, efficiency and good looks and a great value for money product.',1,1,'express',3007),
(1071,'Prestige Popular Plus Aluminium Pressure Cooker ',1899,13,'Prestige Popular Plus Aluminium Pressure Cooker (10203), 5 L','The highly appreciated Prestige Popular Plus comes with an induction base and host of other top-of-the-line features. Manufactured from virgin Aluminium to ensure zero contamination, this cooker boasts of the highest quality of raw materials used. Perfected over a period of time with trademark Prestige engineering, expected the very best with up-to-date innovations and features. Add to that, the elegant design and splendid finish, the cooker is a sheer pleasure to cook with.',1,1,'normal',3007),
(1072,'Vinayak Stainless Steel Storage Bowl Set With Lid ',619,52,'Food Safe & Airtight, 4 pcs (400+700+1100+1700 ml)','Vinayak Storage Bowl Set keeps moisture out and allows you to safely store food items without the danger of outside elements affecting your food quality. It is made of high-quality stainless steel which makes it highly durable and long-lasting. It is a transparent container which makes it easy to keep seeing the inside content without opening each container. The airtight seal keeps the food stored in this container fresh for a long period. It is designed for long-term storage and is stackable which makes it easy to store without consuming much space. This sleek-looking container goes well with any kitchen decor or tabletop. It is sturdy, hygienic, food-safe and scratch-resistant. Ideal to store several items like rice grains, wheat, sugar, flour, oil, snacks or whatever else you need. These containers come in a set of 4, it is easy to use.',1,0,'normal',3007),
(1073,'Asian Cosmos Casserole Set',549,23,'Dishwasher Safe, Spill Proof, 3 pcs','The Asian Cosmos Casserole, set of 3, guarantees hot, flavourful and fresh food for hours. It comes in an attractive red colour and is made of premium quality and food-grade plastic with steel interiors. The insulated central layer is made of PUF which allows heat retention for about 3-5 hours. Coming in a set of 3 with varying capacities of 600 ml, 1000 ml and 1500 ml, it can be used to store various quantities of food as per your requirements. The set of 3 casseroles comes with a twist and lift lids that are easy to use and the lock handle prevents any leakage. Explore the wide range of Asian Cookware from casseroles to tiffins and lunch packs only on Big Basket.',0,0,'express',3007),
(1074,'Milton Eminent 800 Thermo Steel Water Bottle',1120,7,'Easy To Clean, Rust Free, Purple, 747 ml','Milton Eminent Thermosteel Bottle is stylish long-lasting. It contains superior double-wall vacuum insulation technology that helps retain the temperature, freshness, and flavours for your favourite hot/cold drinks. This bottle is durable, leak-proof and cools rapidly which makes it easy to use, carry and is dishwasher safe. The bottle is drinking safe and ideal for everyday use. This bottle has a wide mouth opening that makes it easy to clean.',1,1,'normal',3007),
(1075,'Prestige Omega Deluxe Granite Non-Stick Kadai with Lid',1299,13,'240 mm (Glass Lid)','Prestige Omega Deluxe Granite 5-layered non-stick cookware series is made using German technology and it lasts three times longer than ordinary non-stick cookware. Its special spatter-coated surface looks new for longer and is also metal-spoon friendly. Omega Deluxe Granite can be used on both gas and induction cook-tops. Prestige Omega Deluxe Granite series comes with 5 layer coating.This 5 layers non-stick coating lasts 3 times longer than ordinary non-stick cookware, which is also PFOA free, thus making us healthier and assures stain-free interior. The outer body is made from the best quality aluminium, it comes with black colour powder coating with granite finish which looks attractive and enhances the appearance of the kitchen. The outer coating helps in easy cleaning of the cookware. The handles are made from heat resistant material that enables ease and convenience while cooking and carrying the cookware. This cookware has a high-quality Aluminium body which comes with induction and gas compatible base, thus making it convenient to use. With the Glass Lid, this cookware can also be used to serve food. Designed with the tempering process this glass lid has increased strength and toughness Prestige Omega Deluxe Induction Base Non-Stick cookware is dishwasher safe so that you can wash it and reuse it without any hassle and there will be no smell of the leftovers.',1,0,'normal',3007),
(1076,'LaOpala Opalware Full Plate',660,12,'English Lavender, 10 inch Set of 6','It is ideal for serving guests and home use. Laopala is a brand that is an essential part of our lives. At home or in the office, its the symbol of elegance, creativity and reliability with its wide product range, functionality, innovative perspective, distinctive designs and 80 years of experience. Enhance the beauty of your in-house bar or your kitchen with this perfectly crafted crockery.',1,0,'normal',3007),
(1077,'Natures Plus Coco Hanging Pot',439,12,'14 Inch, 14 x 12 x 6.5','Natures Plus Coco hanging pots are made of high quality of coco coir. It makes an attractive addition to any part of the home. These pots can serve gardening needs in a better way compared to plastic or earthen pots. Suitable for an outdoor balcony, terrace or kitchen garden. It is available in different sizes.',0,0,'express',3007),
(1078,'National Gardens Plump Red Strawberry Seeds,',179,10,'National Gardens Plump Red Strawberry Seeds, 20 Seeds','These are the highest quality hand-picked National Gardens Plump Red Seeds that can be easily grown in any season and weather conditions with detailed growing instructions and proper support. These are quality products from the National Gardens.',1,1,'normal',3007),
(1079,'Pedigree Dry Pet Food',2686,15,'For Adult Dogs, Chicken & Vegetables, 15 kg','Pedigree is a complete and balanced food for dogs. Prepared with high-quality ingredients, Pedigree is rich in proteins and nutrition. Pedigree pet food provides dogs with the 5 Signs of Good Health - healthy skin and coat, strong bones and teeth, digestive health, strong muscles and strong immune system. It also contains the optimal blend of Omega 6 and Zinc, which are proven to provide a healthier and shinier coat to puppies and adult dogs',1,0,'normal',3007),
(1080,'Delfrez Eggs Speciality Eggs',62,0,'Active, With DHA Supports Brain Health, 6 pcs Carton',' Eggs are hygienically processed and securely filled for keeping these free from any contamination and impurity. It has high dietary content, protein, smell and tastes rich. These are one of the natures most wholesome and cost-effective foods.',1,0,'normal',3008),
(1081,'Fresho Chicken Breast',469,40,'Boneless, Antibiotic Residue-Free, 4 To 6 pcs, 1 kg','Chicken is a lean meat with various health benefits. Packed with nutritional values, chicken is supremely advantageous for your body. Filled with vitamins, minerals and protein, chicken promotes brain development, strengthens your bones, aids in weight loss, builds muscle and helps in a healthy heart. For a scrumptious meatier experience, this boneless chicken breast is perfect to indulge in. Grilled, barbequed, fried, baked, one can have this versatile cut in diverse ways. Moreover, this part is considered as one of the nutritious parts of the bird. This is an excellent source of protein for your body. This cut comes in 4-6 pieces which are perfect for 2-3 people.Fresho Meats is our in-house brand of fresh meat, poultry, and seafood. We take the utmost care in selecting the best suppliers to provide you with high quality succulent products. Every product is stored in our cold storage right until your doorstep ensuring freshness and utmost hygiene.',1,0,'express',3008),
(1082,'Meatzza Chicken',285,11,'Meatzza Chicken - Sausage, 500 g','Its fine cold cuts mostly eaten in the breakfast. Mixture of freshly minced poultry, spices and flavouring agents.The Finished result is delicious and soft in texture. Its properly packed and frozen to ensure that it retains its taste and aroma.',0,1,'normal',3008),
(1083,'Fresho Mutton',849,47,'Curry Cut, From Whole Carcass, Antibiotic Residue-Free, 28 to 34 pcs, 1 kg','Mutton is popular in most households. It is treated as a delicacy and is prepared on different joyous occasions. The juicy taste and the chewy texture make it a favourite among many. Moreover, they come with a lot of health benefits. It is packed with protein, saturated fat, iron, zinc, and vitamin B. Mutton helps in building a strong immune system. It also helps to build bones and muscles. Mutton curry is enjoyed in most houses. Fresho Mutton curry cut is carved into perfect pieces to give you the ideal portion for your curries. These scrumptious mutton pieces come in 28-34 in numbers which are perfect for 4-6 people.Fresho Meats is our in-house brand of fresh meat, poultry, and seafood. We take the utmost care in selecting the best suppliers to provide you with high quality succulent products. Every product is stored in our cold storage right until your doorstep ensuring freshness and utmost hygiene.',0,0,'normal',3008),
(1084,'Prasuma Mutton Seekh Kebab With Aromatic Spices',540,15,'Juicy & Soft, 500 g (Pack of 7)','The Prasuma Mutton Seekh Kebab made by using premium ingredients is a great dish to be enjoyed during occasions and celebrations or on a casual evening with friends. Made from the prime cuts of mutton and ground with aromatic spices and seasoning, these mutton seekh kebabas have just the right amount of spice and flavour. Juicy and succulent, enjoy these meaty kebabs on their own or with green chutney and some onion rings on the side. These kebabs are also simple to prepare and can be grilled, pan-fried or microwaved. Explore the wide range of Prasuma Kebabs each with a different and unique taste only on Big Basket.',1,1,'normal',3008),
(1085,'Pure South NZ Lamb Rack Frenched Cap On',2899,25,'556 g','Quality New Zealand’s Lamb Rack are cut to finesse to bring out an incredible taste and tenderness to the meat. The secret of its distinctive flavour and delectability is the free grazing of the lambs on free green pastures. Combined with the natural food and geographically gifted coastline, the lambs are protected while getting all the pure supplements. Cut perpendicularly to spine with 16 ribs, Quality New Zealand’s lamb rack is a must-have.Extra care is taken to cut the meat and deliver it. The taste is truly outstanding and the meat is tender. Guaranteed to be safe and healthy, the lamb rack is disease free and tested for the presence of toxicity. Quality New Zealand has lambs which are 100% Grass Fed and Hormone Free.The Rack of Lamb is extracted perpendicularly from the ribs of the animal. Along the spine, the rack includes 16 ribs or chops which are rich in flavour and protein. The produce is generally sold as a single or a double rack of lamb. Due to free grazing, Frenching the ends could leave an impeccable flavour.',1,1,'normal',3008),
(1086,'Big Sams Frozen Salmon Skin-on Portions',1095,7,'250 g','Salmon Skin-on Portions makes the perfect meal for 2. It contains nutritious Omega-3 fatty acids, Salmon is one of the healthiest proteins one can eat. It is flown in directly from Norway, so it is never too far from its date of production. Perfect for grilling.',1,0,'express',3008),
(1087,'Fresho Dry Fish Nathli / Anchovies',149,14,'Big, Spicy, Accompaniment For Meals, Curries, 80 g','Are you craving for some spicy seafood? Fresho’s Dry Fish Nathli-Big (Spicy) will satiate your desire and hunger. It is filled with the goodness of unique flavour and aroma. These small fishes are a wonderful companion to make a range of dishes including curries, sauces and condiments. A protein-rich fish, these are ideal for any meal. It has a great texture and is oily in nature. It has tremendous health benefits. Its rich nutrient content will ensure a healthy heart and will reduce bad cholesterol. It also regulates blood pressure and prevents inflammation diseases. The added spices in the form of chilli powder, curry leaves and garlic will surely catch the attention of your taste buds.',0,0,'express',3008),
(1088,'Fresho Prawns, Peeled & Deveined',2079,0,'20 To 30 pcs, 500 g (Gross Fish Weight 1-1 kg, Net Weight After Cleaning 500 g)','Fresho beings to you peeled and deveined Prawns Prawns are shrimp-like seafood that are 3-5 cm in length For those who love eating seafood, prawns are a treat Theyre high in protein, low in carbohydrates and contain very little fat Prawns are a rich source of selenium, one of the most effective antioxidants at maintaining healthy cells There is no conclusive flavour that distinguishes a shrimp from a prawn They are very similar in taste and texture.',0,0,'normal',3008),
(1089,'Fresho Roopchand Fish',319,15,'Steaks, Fresh & Flavourful, 250 g','A must-have for all with an affinity for Bengali cuisine. These freshwater fish make the best comfort food. Distinguished by their pale white meat and delightfully sweet taste, these steaks are carved to perfection to offer you the best experience of this flavoursome fish. Go ahead and make a favourite of this fish. Fresho takes utmost care in selecting the best suppliers to provide you with high quality and succulent products. Every product is stored in our cold storage right until your doorstep ensuring freshness and utmost hygiene.',1,1,'normal',3008),
(1090,'Kelloggs Crunchy Granola',284,19,' Chocolate & Almonds, 450 g Pouch',' Kelloggs Crunchy Granola is a toasty, oven-baked creation, carefully crafted for flavour and texture. Say hello to a delightful breakfast filled with multigrain goodness that your taste buds and body will love! Your taste buds will love our perfectly baked chocolaty multigrain clusters that are generously loaded with crunchy almonds. Your body will love the goodness of multigrain and fibre!',1,1,'normal',3009),
(1091,'Samyang Ramen Noodles ',125,0,' Hot Chicken Flavour, 2X Spicy, 140 g',' This Korean Ramen Noodles with delicious Hot Chicken flavour is double spicy and is a perfect choice for spice lovers. It is a delightful experience of extremely spicy chicken flavour Ramen and an ideal choice for your evening snack or anytime hunger.',1,0,'express',3009),
(1092,'TREATVIT Millet & Oats Munchy Manchow Soup',75,0,' 42 g',' Treatvit soup – Combines the best of Nature, Health and Taste in 3 minutes! Almost a Superfood, it combines the huge health benefits of Millets and Oats. Without any artificial chemicals or preservatives or additives, you can just enjoy soup as if homemade.',1,0,'normal',3009),
(1093,'Epigamia Greek Yogurt Smoothie ',103,0,'Blueberry, 3x200 ml Multipack',' At Epigamia, we believe in pushing boundaries. Our smoothie is just like your Lassi, with the added fuel of high protein and with real fruits for stimulating taste. This preservative free smoothie is an ideal snack that will tame your hunger in no time! So, gulp it down and your stomach can thank you later!',0,0,'normal',3009),
(1094,'Golden Prize Canned Skipjack Light Meat Tuna',185,0,' Chunk In Brine, 185 g',' Premium Quality Fish, Imported from Thailand.Excellent source of Omega 3 , Dolphin Friendly',1,0,'normal',3009),
(1095,'Happilo Premium Roasted & Salted Californian Pistachios',740,12,'500 g ',' Happilo presents Premium Californian Roasted & Salted Pistachios. Happilo products are rigorously tested against the industrys best quality standards. These are super healthy, fresh and natural. It helps to boost immunity and keep the body healthy and happy. Happilo Zip Lock Pouch with an airtight seal to ensure the product is protected and fresh.',1,0,'normal',3009),
(1096,'GoodDiet Organic Cold Pressed Virgin Coconut Oil',389,12,'500 ml ','GoodDiet Organic Cold Pressed Coconut Oil is made from 100% organic coconuts that are carefully sundried to bring out the flavours and aroma. This oil is perfect for cooking wholesome and nutritious meals. It also brings shine and smoothness to the skin and hair. Also explore GoodDiets full range of Organic and Cold Pressed oils.',1,0,'express',3009),
(1097,'Lunn Pink Rock Salt ',95,0,'Fine Grain, Rich In Minerals, 1 Kg Pouch',' Lunn brings to you Fine Grain Pink Rock Salt that has a lot of benefits. It often has a pinkish tint due to trace minerals. This pink salt is crushed making it useful for the dining table. It is loaded with minerals and provides incredible health benefits. This salt is much healthier than regular table salt. It is saltier than regular table salt. This is a great alternative for regular salt. It is 100 % natural and pure.',1,0,'normal',3009),
(1098,'Davidoff Coffee',550,0,'Esspresso 57, 100 g Bottle',' Davidoff Cafe Sommeliers Espresso 57 Coffee is made using the choicest Arabica beans that is specially crafted for coffee lovers who demand luxury and quality in every cup. The coffee is roasted to perfection to give you an extraordinary start to the day, which will awaken your senses with its rich taste and soothing aroma and leave you feeling instantly refreshed.',0,0,'normal',3009),
(1099,'Lindberg Almond Surprise',399,13,' Truffle Chocolates, 200 g (16 pcs x 12.5 g each)',' The Lindberg Almond Surprise - Truffle Chocolates are the finest chocolate truffles you can ever find. Made from toasted almonds coated in dark or milk chocolate, this box of goodness is truly a treat. Perfect for gifting or to be had after a meal, enjoy this box of decadent chocolates that come in 2 varieties, one coated in milk chocolate and another in dark chocolate. Explore Lindbergs full range of International and Luxury chocolates and satisfy your sweet tooth cravings',1,1,'normal',3009),
(1100,'Pampers All-Round Protection Diaper Pants',1983,17,' L, 9-14 kg, Anti-Rash, Ultra Absorb, 168 pcs',' Pampers all round-protection pants have Anti-rash* lotion with aloe vera, to keep your baby’s skin protected. Newborn baby diapers containing lotion with aloe vera helps protect your baby’s delicate skin from diaper rash and irritation. Best diapers with ultra absorb core, provides your baby a new type of dryness overnight - breathable dryness. Magic gel locks wetness away to provide up to 12 hours of dryness.The new and improved product design enables a comfortable fit, closer to the baby’s body and a flexible waistband that adapts to the baby’s movements for a comfortable fit. Available in all sizes-small, medium, large, XL, XXL, XXXL diaper pants. A top layer with cotton-like soft material ensures a comfortable night’s sleep. Our pants with fun exterior graphics, fun designs and characters ensure you enjoy yourself with your baby. *Helps prevent rash due to wetness after 1 day of usage, based on clinical studies in USA 2000-2019.',1,0,'express',3010),
(1101,'Himalaya Baby Wipes',136,12,'Gentle Baby, 72 pcs Pouch','Himalaya Indian Lotus Aloe Vera Gentle Baby Wipes are mild sufficient to sooth your babys bottoms when changing a diaper. It can also be used to softly cleanse your babys skin. The natural ingredients guarantee that baby remains bacteria-free during the day.',1,0,'normal',3010),
(1102,'Johnsons baby No More Tears Baby Shampoo',146,9,'200 ml','Johnsons Baby shampoo is as gentle to the eyes as pure water. Equipped with a pump for easy usage It gently cleanses hair and is mild to eyes. Only Giggles. No More Tears. It is pH balanced and hypoallergenic. Recommended by doctors. No Parabens, No Formaldehyde, No Dye. Every Johnson’s product passes a 5 level safety assurance processes, ensuring every ingredient is safe for use.',0,0,'normal',3010),
(1103,'Himalaya Baby Hair Oil',143,5,' 200 ml','Himalaya baby hair oil is designed to nourish scalp and hair. It is specially formulated for the babies, infused with Amla, Centella, Eclipta etc. which are known to promote healthy hair growth.',1,1,'normal',3010),
(1104,'Johnsons baby Baby Powder',303,16,'600 g','Johnsons baby powder absorbs excess moisture and keeps babys skin comfortable and dry. Johnsons baby powder is dermatologist tested and hypoallergenic. U.S. Pharmacopoeia grade talc to ensure it meets the highest quality and purity. Highest IFRA fragrance standard. No Parabens, No Sulfates, No Dye. Recommended by doctors. Johnsons baby powder formula awakens and stimulates your babys senses making your baby feel fresh and play happily with everyone.',0,1,'normal',3010),
(1105,'Johnsons baby Baby Lotion',327,12,'500 ml',' Johnsons baby lotion is suitable for a newborn. With 24 hour moisture, prevents moisture loss and protects babys skin barrier. Baby soft skin, all day long, it has a non-greasy formula for quick absorption. Clinically mildness proven. It is made with natural plant oil. Recommended by doctors, it is pH balanced and hypoallergenic. No added parabens, sulfates or dyes.',1,1,'normal',3010),
(1106,'Nestle Nan Pro Infant Formula Powder with Probiotic',690,0,'Stage 1, Up to 6 Months, Whey Protein, DHA & ARA, 400 g Bag-In-Box',' Nestlé NAN PRO 1 is a spray-dried infant formula with L.reuteri, DHA ARA & whey protein for infants from birth when they are not breastfed. NAN PRO 1 contains DHA that supports a baby’s normal brain development. Nestlé develops infant nutrition products backed by evolving science and research. Innovation has been at the heart of Nestlé since its beginning.',0,0,'express',3010),
(1107,'Nestle Cerelac Baby Cereal with Milk',258,0,'Ragi Apple, From 8 to 12 Months, Rich in Iron, 300g Bag-In-Box',' Nestle Cerelac Baby Cereal with Milk, Ragi Apple is a complementary food for babies from 8 to 12 months. While infants and children have higher requirements of nutrients than adults, 2 serves of Cerelac Ragi Apple Cereal provides 75% of a baby’s daily need for iron. It is also, a source of 16 important nutrients including vitamins and minerals. Nestle develops infant nutrition products backed by evolving science and research. Innovation has been at the heart of Nestle since its beginning. Important Notice: Mother’s milk is best for your baby. Safety Warnings: Infant food should be used only on the advice of a health worker as to the need for its use and the proper method of its use. Infant food is not the sole source of nourishment for an infant. Use prepared feed within half an hour otherwise microbial deterioration may set in. Discard unused feed.',1,0,'express',3010),
(1108,'Pigeon Steel Manual Breast Pump',1086,13,'Essential, Easy To Use, 200 ml',' Pigeon Manual Breast Pump-Essential comes with everything you need to quickly and comfortably express and store breastmilk prior to feeding your baby. It also helps you save quality time that you can spend with your baby. So, now you can express feed and store your breastmilk at your own convenience.',1,0,'normal',3010),
(1109,'Morison Baby Dreams Quick Electric Sterilizer',2430,27,'6 Bottles, 1 pc','Morisons Baby Dreams Quick Electric Sterilizer is carefully designed for ease and use and effective sterilization of baby feeding bottle & accessories. It can hold upto 6 standard bottles or wide neck bottles. Fast sterilization is just 8 minutes. The steam sterilization effectively kills the germs and bacteria with the natural steam and no chemicals. It is the safest and easiest way to sterilize the feeding bottle and accessories. For fast & effective sterilization',1,1,'express',3010);

insert into FeedQuestions values
('How would you rate your overall experience with our service?',
'How satisfied are you with the comprehensiveness of our offer?',
'How would you rate our prices?',
'How satisfied are you with the timeliness of order delivery?',
'How satisfied are you with the customer support?',
'Would you recommend our product / service to other people?',
'What should we change in order to live up to your expectations?');
